id,gender,job_title,experience,first_name,email,phoneno,location
46,F,Senior Developer,8,Milka,mbenger19@paypal.com,+91 335 913 2513,India
103,M,Web Developer IV,48,Jose,jolohan2u@oaic.gov.au,+91 321 464 7314,India
129,M,Senior Developer,17,Pasquale,pmacconnell3k@google.com.hk,+91 133 286 5152,India
153,M,Developer II,14,Skylar,salcott48@theguardian.com,+91 451 572 9450,India
165,F,Developer IV,9,Grace,gboggs4k@merriam-webster.com,+91 465 426 4192,India
175,M,Developer IV,23,Millard,mtakkos4u@archive.org,+91 513 362 4331,India
233,M,Developer II,13,Shaughn,sdebiasi6g@si.edu,+91 244 865 5580,India
246,M,Web Developer III,18,Lief,lollier6t@youtube.com,+91 453 427 4428,India
313,M,Developer III,26,Ky,klucus8o@over-blog.com,+91 313 852 7466,India
338,M,Developer III,23,Jessey,jclee9d@reuters.com,+91 812 869 1969,India
362,M,Senior Developer,1,Tracie,tberridgea1@admin.ch,+91 841 904 2936,India
416,M,Developer I,21,Toddy,tbarmadierbj@berkeley.edu,+91 449 460 7368,India
419,M,Senior Developer,39,Toby,tbuckybm@wunderground.com,+91 179 949 2898,India
421,F,Web Developer IV,25,Claretta,clervenbo@macromedia.com,+91 407 584 6377,India
422,F,Web Developer I,7,Lyndel,ljoninbp@sourceforge.net,+91 705 403 5497,India
425,M,Senior Developer,6,Kalvin,khadekebs@flickr.com,+91 200 635 8902,India
462,M,Developer IV,16,Levin,lsmissenct@mapquest.com,+91 377 570 1962,India
478,M,Developer IV,37,Skelly,smolnard9@jiathis.com,+91 583 397 4364,India
523,F,Web Developer III,47,Kariotta,kbrittonei@dot.gov,+91 329 772 8350,India
535,M,Developer III,40,Olivero,osegrotteu@mysql.com,+91 168 812 1996,India
547,F,Web Developer IV,45,Babbie,bcussonsf6@sohu.com,+91 372 617 1226,India
620,M,Web Developer IV,21,Temp,trooksbyh7@google.it,+91 597 336 1697,India
633,F,Senior Developer,5,Winnie,wyerrillhk@smugmug.com,+91 398 449 4667,India
733,F,Web Developer IV,41,Debby,dolmankc@sakura.ne.jp,+91 542 683 0784,India
755,M,Developer II,32,Dalston,dbeaginky@dedecms.com,+91 723 455 6034,India
758,M,Developer I,12,Phil,pmcdaidl1@prweb.com,+91 453 460 4383,India
776,M,Developer IV,33,Emanuel,elavieslj@hhs.gov,+91 960 823 5065,India
777,F,Web Developer III,36,Aurea,arawlencelk@i2i.jp,+91 506 699 3839,India
812,M,Web Developer IV,23,Vasily,vberthonmj@cam.ac.uk,+91 379 393 9538,India
828,F,Developer IV,32,Gweneth,gvandervliesmz@cisco.com,+91 494 238 6800,India
859,F,Senior Developer,23,Pauly,prawcliffenu@multiply.com,+91 430 842 8498,India
868,M,Web Developer I,19,Leonerd,lcapleno3@xrea.com,+91 592 922 2520,India
922,M,Developer II,13,Ash,amargriepl@opera.com,+91 463 829 9803,India
940,F,Web Developer III,32,Lynsey,laireq3@vimeo.com,+91 994 737 8378,India
941,M,Developer II,33,Duff,dbanyardq4@fema.gov,+91 827 627 1857,India
968,M,Senior Developer,31,Dino,doshavlanqv@ask.com,+91 689 549 6200,India
985,M,Developer IV,6,Dene,ddefilippirc@cbsnews.com,+91 179 181 0980,India
992,M,Developer II,34,Francklin,fswafieldrj@indiegogo.com,+91 247 651 9250,India
